Ashbourne,Lorraine,February 22 2020,fwiw1691
Bulthaup,Sabine,February 29 2020,wfm2691
Morgan,Kristin,June 20 2020,lol7391
Kipnis,Laura,February 15 2020,wth6591
Lindpere,Hans,April 11 2020,tbc8291
Wagner,Max,January 25 2020,diy1091
Ahmed,Humayun,January 25 2020,scnr8491
Grant,Arthur,June 06 2020,imo5191
Landgré,Anja,May 16 2020,sflr9491
McDonald,Rachel Layne,June 27 2020,idk3891
Loyato,Federico,March 28 2020,iow2891
Beeler,Marian,April 11 2020,nntr5091
Pagel,Betty,February 08 2020,tgif2191
Zens,Tilman,February 01 2020,btt5791
Winans,Marvin,February 29 2020,noyb8591
Hoffmann,E.T.A.,February 08 2020,thx6771
Hall,Donald,May 16 2020,aka8291
Banietemad,Rakhshan,February 22 2020,spoc4591
Grade,Michael,March 14 2020,ymmv3491
Powell,Lauren-Elaine,March 28 2020,faq3891
Niemczyk,Miroslawa,May 09 2020,rotfl2691
Tibenham,Philip,March 28 2020,pov1391
Robey,Myles,April 18 2020,eod3891
Reno,,February 15 2020,hth6591
Grodi,Marcus,June 20 2020,eom2591
Bloodgood,Paul Michael,June 27 2020,fyi0891
Weinstein,Josh,May 09 2020,rsvp6691
Bouquet,Carole,April 04 2020,wrt7591
McCrae,John,April 18 2020,cu2781
Bellina,Meriam,May 16 2020,eobd5691
D'Or,Nicole,February 15 2020,tyt9891
Magallón,Gabriel,June 06 2020,iirc7791
Marzo,Alexandra,April 25 2020,imnsho8691
Holmes,Tim,June 06 2020,dgmw7691
Kositsyn,Sergey,April 04 2020,mmw5591
Jacobson,Stephen,February 01 2020,b2k7691
Milburn,Larry,April 18 2020,tia1791
Korot,Alla,March 14 2020,otoh0791
Shapira,Talia,June 20 2020,fka6491
